System File Name,Drive ID,Library Title (as-is),Commercial Track Title,Version Field,Duplicate Group,Keeper (Y/N),Shelf,Proposed Release,Release Format (Single/EP/LP),Track #,Primary Genre,Secondary Genre,Explicit (Y/N),Flags,Duration (m:ss),Suno Created,Suno ID,Suno Plan At Creation (verify),WAV Re-download,Mixea Master Status,Integrated LUFS,True Peak dBTP,Lyricist,AI Disclosure,ISRC,UPC,Distribution Date,Release Date,DistroKid Status,Notes
4-degrees.mp3,1DwIXKBUeROsqo00cfzp-SC-DPJtsb0PR,4 Degrees,4 Degrees,,,Y,The Descent,The Descent,,,Alternative,Electronic,listen,,3:55,2026-07-22T12:26:29Z,c39ae7f5-c55f-4ab5-a65b-f1a0d07bea09,,TODO,Not started,,,,Music generated with Suno; lyrics by artist (confirm),,,,,Not uploaded,
all-the-smoke.mp3,1VOgQPAeIoIwvJtjv5whzeJ7Dp9ZBRydT,All the Smoke,All the Smoke,,,Y,The Descent,The Descent,,,Alternative,Electronic,listen,,4:48,2026-08-06T02:10:00Z,6614f1bb-95bf-4a09-b5e0-4466895a4564,,TODO,Not started,,,,Music generated with Suno; lyrics by artist (confirm),,,,,Not uploaded,
diving-within.mp3,13UeqoJNI0gi4MUF4rKLVuWJ0OWNJP2pJ,Diving Within,Diving Within,,,Y,The Descent,The Descent,,,Alternative,Electronic,listen,,4:05,2026-07-26T10:14:35Z,a79b16b7-ac85-4ca5-b74d-7f40f0e435e6,,TODO,Not started,,,,Music generated with Suno; lyrics by artist (confirm),,,,,Not uploaded,
dj-edi-signal-remember-me.mp3,1qjjS2YI-tIdwShiIDnZ8zsrGVDg1AYxt,Dj Edi Signal (Remember Me),Dj Edi Signal (Remember Me),,,Y,The Descent,The Descent,,,Alternative,Electronic,listen,,5:23,2026-07-27T11:58:27Z,f99a2221-02bd-4520-852f-b15296c83c6c,,TODO,Not started,,,,Music generated with Suno; lyrics by artist (confirm),,,,,Not uploaded,
djedi-remembers.mp3,1Uhk5l2f1SsUzISORi-_sbNO1jJQCTHQa,Djedi Remembers,Djedi Remembers,,,Y,The Descent,The Descent,,,Alternative,Electronic,listen,trademark/IP risk - retitle,6:24,2026-07-27T09:54:21Z,5ab5be07-ef34-43b3-bc7d-0ec03b61a73d,,TODO,Not started,,,,Music generated with Suno; lyrics by artist (confirm),,,,,Not uploaded,
doomsday-dreamin-starsage-schemin.mp3,1gpZOQgIMMJi0npQlGsMG6Wb8cnShDO0a,Doomsday Dreamin Starsage Schemin’,Doomsday Dreamin Starsage Schemin’,,,Y,The Descent,The Descent,,,Alternative,Electronic,listen,,5:13,2026-07-23T17:55:15Z,4c2a7537-177a-4f60-a400-572f9c1515a3,,TODO,Not started,,,,Music generated with Suno; lyrics by artist (confirm),,,,,Not uploaded,
ember-in-the-marrow-remastered-x2.mp3,1mfc7Mjhiz02PX7GtZiheps_X75K6ChWE,Ember in the Marrow (Remastered X2),Ember in the Marrow,,,Y,The Descent,The Descent,,,Alternative,Electronic,listen,'Remastered' not allowed unless prior release,6:31,2026-07-27T13:31:46Z,9eaef0fe-1925-4845-8ccc-39833e0741fd,,TODO,Not started,,,,Music generated with Suno; lyrics by artist (confirm),,,,,Not uploaded,
facing-inner-demons.mp3,1jCivkGIkpW6Y_j8W1JIzlGKu239sX7zI,Facing Inner Demons,Facing Inner Demons,,,Y,The Descent,The Descent,,,Alternative,Electronic,listen,,3:47,2026-07-26T10:16:09Z,461d0b76-31a0-4ec1-abca-26bad2e73fa1,,TODO,Not started,,,,Music generated with Suno; lyrics by artist (confirm),,,,,Not uploaded,
fallen-angel.mp3,1rjFQci3GPIhCs9VEXKgtuBwgRISOOO7r,Fallen Angel,Fallen Angel,,,Y,The Descent,The Descent,,,Alternative,Electronic,listen,,2:09,2026-07-26T09:34:15Z,99f4aefa-8bdc-4b7b-bb65-da72974045f4,,TODO,Not started,,,,Music generated with Suno; lyrics by artist (confirm),,,,,Not uploaded,
glitch-angel.mp3,1IFkbhdItpk2Gv_f6gQAkqMKQa3IhtYnO,Glitch Angel,Glitch Angel,,,Y,The Descent,The Descent,,,Alternative,Electronic,listen,,2:01,2026-07-26T09:17:24Z,7fd07502-ff7a-4aee-aa2d-36fe5a7b2672,,TODO,Not started,,,,Music generated with Suno; lyrics by artist (confirm),,,,,Not uploaded,
khajit-has-tears.mp3,1VucbxmM3x5AEAs3F2ABTvkc0n5OR4F8v,Khajit Has Tears,Khajit Has Tears,,,Y,The Descent,The Descent,,,Alternative,Electronic,listen,,3:23,2026-07-20T13:52:52Z,c2a77be8-f0ef-42ed-b93c-e9d01b577df9,,TODO,Not started,,,,Music generated with Suno; lyrics by artist (confirm),,,,,Not uploaded,
lost-and-found.mp3,15f5aulhus6m-ddZc4bTF5Tx-ukFcZ71h,Lost and Found,Lost and Found,,,Y,The Descent,The Descent,,,Alternative,Electronic,listen,,7:47,2026-07-08T11:24:20Z,b994d113-01ae-48af-8211-4c1be6b21394,,TODO,Not started,,,,Music generated with Suno; lyrics by artist (confirm),,,,,Not uploaded,
lost-like-sauce.mp3,1eVR_Efkci88TzRFGtc6WO-fbG3A3ylnA,Lost Like Sauce,Lost Like Sauce,,,Y,The Descent,The Descent,,,Alternative,Electronic,listen,,5:42,2026-07-15T12:06:49Z,a111ad93-7d32-41c3-83f4-1d94336585ec,,TODO,Not started,,,,Music generated with Suno; lyrics by artist (confirm),,,,,Not uploaded,
low-key-nonsense.mp3,1cld2RfAGZqKj4sOX0THMt_-8bKDTcpmG,Low Key Nonsense,Low Key Nonsense,,,Y,The Descent,The Descent,,,Alternative,Electronic,listen,,4:27,2026-08-07T03:51:14Z,677cf49d-e6ef-4e62-949a-0fb413c7d63c,,TODO,Not started,,,,Music generated with Suno; lyrics by artist (confirm),,,,,Not uploaded,
mirror-talk.mp3,1OYTlTVd5qK-pUzAWu0i7XMsCgNWUuWrH,Mirror Talk,Mirror Talk,,,Y,The Descent,The Descent,,,Alternative,Electronic,listen,,3:20,2026-07-01T05:37:12Z,0de3a3d2-c946-497e-a3a3-39a4b2b38bda,,TODO,Not started,,,,Music generated with Suno; lyrics by artist (confirm),,,,,Not uploaded,
nobility-in-darkness-forbidden-feelings.mp3,1gJXg3Kz9Te4CztfRierYGqK1r3ZzGBnW,Nobility in Darkness (Forbidden Feelings),Nobility in Darkness (Forbidden Feelings),,,Y,The Descent,The Descent,,,Alternative,Electronic,listen,,4:06,2026-07-19T04:55:25Z,80513801-3a38-4a64-ae61-ab7b477a627a,,TODO,Not started,,,,Music generated with Suno; lyrics by artist (confirm),,,,,Not uploaded,
tears-knives-graymane-s-rise-remastered.mp3,1xA5qicS8A8x-uXULdKVOl0lOfqwoicfU,"Tears, Knives & Graymane’s Rise (Remastered)","Tears, Knives & Graymane’s Rise",,,Y,The Descent,The Descent,,,Alternative,Electronic,listen,'Remastered' not allowed unless prior release,3:01,2026-07-19T22:59:23Z,adf2b46f-11ba-4df9-acf8-e56f0abb0aa6,,TODO,Not started,,,,Music generated with Suno; lyrics by artist (confirm),,,,,Not uploaded,
the-architecture-of-a-dragonsoul-ember.mp3,1QwD45CE8UFJwXA4j14iYDq9r7rDVD-qd,The Architecture of a Dragonsoul Ember,The Architecture of a Dragonsoul Ember,,,Y,The Descent,The Descent,,,Alternative,Electronic,listen,,3:12,2026-08-01T20:29:41Z,e353af26-bdc2-430c-bc44-69107eb98a8d,,TODO,Not started,,,,Music generated with Suno; lyrics by artist (confirm),,,,,Not uploaded,
the-density-of-divinity.mp3,1tBu9j3Pp744xSmf90APbiFDSD_ms_M7c,The Density of Divinity,The Density of Divinity,,,Y,The Descent,The Descent,,,Alternative,Electronic,listen,>8 min,8:17,2026-07-28T23:54:50Z,271ecd1f-eb25-4b14-980f-6e35305cd39e,,TODO,Not started,,,,Music generated with Suno; lyrics by artist (confirm),,,,,Not uploaded,
the-forbidden-pose.mp3,1eBSrBRnFYqxNGEAbEjOTYiJjjjd8xwxn,The Forbidden Pose,The Forbidden Pose,,G011,,The Descent,The Descent,,,Alternative,Electronic,listen,multiple takes - choose one,8:00,2026-07-19T04:45:21Z,9baffd17-6aca-45cc-a7be-448230e43b2b,,TODO,Not started,,,,Music generated with Suno; lyrics by artist (confirm),,,,,Not uploaded,
the-forbidden-pose-2.mp3,1uDcdakprlxAdkHyvvwV50KEB3vlEJBWp,The Forbidden Pose · Version 2,The Forbidden Pose,,G011,,The Descent,The Descent,,,Alternative,Electronic,listen,version-suffix; multiple takes - choose one,4:20,2026-07-19T04:48:40Z,5d84b129-69c7-445b-8b2c-06939663c4f9,,TODO,Not started,,,,Music generated with Suno; lyrics by artist (confirm),,,,,Not uploaded,
the-long-way-home.mp3,1QwvtUwTV34FxE1ER0tWDrtYY3H7ZRydu,The Long Way Home,The Long Way Home,,G012,,The Descent,The Descent,,,Alternative,Electronic,listen,multiple takes - choose one,3:58,2026-07-26T10:04:47Z,862b26fb-bc6f-4c8a-8dc7-d8396fd75029,,TODO,Not started,,,,Music generated with Suno; lyrics by artist (confirm),,,,,Not uploaded,
the-long-way-home2.mp3,1nuslu7Gf8twZ1n1P6mcXS7MY8P6Tuvyf,The Long Way Home · Version 2,The Long Way Home,,G012,,The Descent,The Descent,,,Alternative,Electronic,listen,version-suffix; multiple takes - choose one,3:59,2026-07-26T10:04:47Z,e45a942c-925c-442b-9a96-773586cb576d,,TODO,Not started,,,,Music generated with Suno; lyrics by artist (confirm),,,,,Not uploaded,
capital-d-precedes-jedi-djedi-story.mp3,1XgMopvG5Eaac21mQTfk4tarD1TLQSLCA,Capital D Precedes Jedi (Djedi Story),Capital D Precedes Jedi (Djedi Story),,,Y,The Dragon Cycle,The Dragon Cycle,,,Soundtrack,Electronic,listen,trademark/IP risk - retitle,5:27,2026-07-27T15:02:10Z,cc5a27a5-e0a4-4573-8178-462b5117f84a,,TODO,Not started,,,,Music generated with Suno; lyrics by artist (confirm),,,,,Not uploaded,
cozy-dragon-dance.mp3,1OmbM6NCdR2wfq6hdvV98anZA7IT9Ht1n,Cozy Dragon Dance,Cozy Dragon Dance,,,Y,The Dragon Cycle,The Dragon Cycle,,,Soundtrack,Electronic,listen,,7:59,2026-07-31T00:34:23Z,13ef9dce-34f2-4823-b465-6d2d3f83d8f9,,TODO,Not started,,,,Music generated with Suno; lyrics by artist (confirm),,,,,Not uploaded,
cozy-dragon-girl.mp3,1LTB5IxQ-GrQ-sNdVkptlz7nnsyjuSxD3,Cozy Dragon Girl,Cozy Dragon Girl,,,Y,The Dragon Cycle,The Dragon Cycle,,,Soundtrack,Electronic,listen,,5:43,2026-07-31T00:11:46Z,c66bb59a-972f-4ea8-9c7a-d39ef0d4b7d6,,TODO,Not started,,,,Music generated with Suno; lyrics by artist (confirm),,,,,Not uploaded,
cozy-dragon-wonk-remastered.mp3,1MN-j2vKYk1omgOB1kRpYwFVd7kHi7rxb,Cozy Dragon Wonk (Remastered),Cozy Dragon Wonk,,,Y,The Dragon Cycle,The Dragon Cycle,,,Soundtrack,Electronic,listen,'Remastered' not allowed unless prior release,7:59,2026-07-31T18:09:05Z,a2a23d79-b045-4b0a-a763-e7908cd27c93,,TODO,Not started,,,,Music generated with Suno; lyrics by artist (confirm),,,,,Not uploaded,
dragon-nobility.mp3,1NCCGHuJKYDcuvm-o-UEGCXUdmerI9P1Q,Dragon Nobility,Dragon Nobility,,,Y,The Dragon Cycle,The Dragon Cycle,,,Soundtrack,Electronic,listen,,4:42,2026-07-31T04:22:18Z,6e06a2ad-c5a3-44d8-89f2-31455a858d93,,TODO,Not started,,,,Music generated with Suno; lyrics by artist (confirm),,,,,Not uploaded,
dragonborn-remastered.mp3,1DCh71lMcvKvFaegBhc8F6TFDSyOE7pv6,Dragonborn (Remastered),Dragonborn,,,Y,The Dragon Cycle,The Dragon Cycle,,,Soundtrack,Electronic,listen,'Remastered' not allowed unless prior release,4:28,2026-07-31T18:06:35Z,33aaa74b-d8cf-4056-afe3-704100aef7de,,TODO,Not started,,,,Music generated with Suno; lyrics by artist (confirm),,,,,Not uploaded,
lil-dragon-mischief-glitch.mp3,10KkQZqcjQ0FH_gUGlvjSa35vZY-hZ_DG,Lil Dragon Mischief Glitch,Lil Dragon Mischief Glitch,,,Y,The Dragon Cycle,The Dragon Cycle,,,Soundtrack,Electronic,listen,,7:59,2026-07-31T18:10:20Z,001780c5-91e4-41c7-a210-dd5bacd91849,,TODO,Not started,,,,Music generated with Suno; lyrics by artist (confirm),,,,,Not uploaded,
ma-hall-kee-tah.mp3,1Wa33qZhlFKneaTKfsitnJGccmZ5AwuSw,Ma Hall Kee Tah,Ma Hall Kee Tah,,,Y,The Dragon Cycle,The Dragon Cycle,,,Soundtrack,Electronic,listen,,3:35,2026-07-22T09:51:34Z,e09477fb-d40a-4bf3-bb49-886d085d088c,,TODO,Not started,,,,Music generated with Suno; lyrics by artist (confirm),,,,,Not uploaded,
nana-eldar-aur-hun-mother-of-elves-held-in-light-remastered.mp3,1hxuSPpOWccPiOkmGS1nndpPkFdO_f91R,"Nana Eldar, Aur Hûn (Mother of Elves, Held in Light) (Remastered)","Nana Eldar, Aur Hûn (Mother of Elves, Held in Light)",,,Y,The Dragon Cycle,The Dragon Cycle,,,Soundtrack,Electronic,listen,'Remastered' not allowed unless prior release,8:00,2026-07-11T08:16:39Z,f60e9715-ba84-4fd3-bfdb-5c87b632e730,,TODO,Not started,,,,Music generated with Suno; lyrics by artist (confirm),,,,,Not uploaded,
rose-dragon-architecture.mp3,1mkBbWJmGTSnEuwpsJ5bQJea4tCJN0ToI,Rose Dragon Architecture,Rose Dragon Architecture,,,Y,The Dragon Cycle,The Dragon Cycle,,,Soundtrack,Electronic,listen,,4:36,2026-07-31T04:27:43Z,2888e8b7-a373-4541-a2a8-97cfa6d8b59f,,TODO,Not started,,,,Music generated with Suno; lyrics by artist (confirm),,,,,Not uploaded,
2-fish-1-flame.mp3,1NMBuFIWqFTa0fQa4oomkcCLFZVSSqk2v,2 Fish 1 Flame,2 Fish 1 Flame,,,Y,The Festival Floor,The Festival Floor,,,Hip-Hop/Rap,Dance,listen,,6:25,2026-07-09T06:18:13Z,f6c119e2-0bbb-4f07-ab06-cbdfc4e151dd,,TODO,Not started,,,,Music generated with Suno; lyrics by artist (confirm),,,,,Not uploaded,
2-handles.mp3,1u7obdbYx5lI7i9rInbO3gP8IO3w3CNIu,2 Handles,2 Handles,,,Y,The Festival Floor,The Festival Floor,,,Hip-Hop/Rap,Dance,listen,,3:38,2026-07-30T01:46:16Z,7bc3889e-3983-4b73-8bfb-5acbe84677f8,,TODO,Not started,,,,Music generated with Suno; lyrics by artist (confirm),,,,,Not uploaded,
blood-of-the-land.mp3,1i6Z8pLcXJbsaceYmD3i4egjl8A2viaVL,Blood of the Land,Blood of the Land,,,Y,The Festival Floor,The Festival Floor,,,Hip-Hop/Rap,Dance,listen,,4:40,2026-07-07T11:38:11Z,c68981fb-18a4-4bb0-955b-b8a7cc2b8cea,,TODO,Not started,,,,Music generated with Suno; lyrics by artist (confirm),,,,,Not uploaded,
carl-never-coming-back.mp3,1jwGAJEiSiE0S6b6afBXWt_gilK5vNrjS,Carl (Never Coming Back),Carl (Never Coming Back),,,Y,The Festival Floor,The Festival Floor,,,Hip-Hop/Rap,Dance,listen,,5:12,2026-07-08T10:53:16Z,6d7bb1a6-f2cd-4775-a895-1eddb2d82e43,,TODO,Not started,,,,Music generated with Suno; lyrics by artist (confirm),,,,,Not uploaded,
carl-be-like-ethereal-glitch-reverie.mp3,1Yx6WUYXqF4WHScqoCnXtzCT7JiC5Ae9P,Carl Be Like (Ethereal Glitch Reverie),Carl Be Like (Ethereal Glitch Reverie),,,Y,The Festival Floor,The Festival Floor,,,Hip-Hop/Rap,Dance,listen,,6:04,2026-07-08T18:12:52Z,49a6f98b-cb93-40e1-a461-efd4009eb375,,TODO,Not started,,,,Music generated with Suno; lyrics by artist (confirm),,,,,Not uploaded,
clean-house.mp3,18SnbhDTbukU19Vr255ZV5Ft5aYtOlgtT,Clean House,Clean House,,G002,,The Festival Floor,The Festival Floor,,,Hip-Hop/Rap,Dance,listen,multiple takes - choose one,4:33,2026-08-02T16:55:45Z,a66024b2-dc6c-40b3-9fbf-72587ce1ccbe,,TODO,Not started,,,,Music generated with Suno; lyrics by artist (confirm),,,,,Not uploaded,
clean-house-trap-rite-variant.mp3,1Cr5LYY5pjzeC0EMwbkuPuncjFyuzPjhb,Clean House (Trap Rite Variant),Clean House (Trap Rite Variant),,G002,,The Festival Floor,The Festival Floor,,,Hip-Hop/Rap,Dance,listen,multiple takes - choose one,6:00,2026-07-08T07:29:40Z,02793f12-4b66-4b73-9a6d-e1419fe001df,,TODO,Not started,,,,Music generated with Suno; lyrics by artist (confirm),,,,,Not uploaded,
contact-high-ll-anthem.mp3,1mtZTMyWxlKJ3o9SyPVc6ydqtzWsobiP3,Contact High LL Anthem,Contact High LL Anthem,,,Y,The Festival Floor,The Festival Floor,,,Hip-Hop/Rap,Dance,Y?,,4:07,2026-07-25T23:08:18Z,ed0142ff-c14d-46af-b674-58b16db74239,,TODO,Not started,,,,Music generated with Suno; lyrics by artist (confirm),,,,,Not uploaded,
demon-slayin-friendship-hangin.mp3,1vOxftlEulDAXkf4pTsvFx7qi2bUH32Ms,Demon Slayin Friendship Hangin,Demon Slayin Friendship Hangin,,,Y,The Festival Floor,The Festival Floor,,,Hip-Hop/Rap,Dance,listen,,5:29,2026-07-10T01:03:56Z,f91889c2-cf3f-4725-98fe-58cc78cffc39,,TODO,Not started,,,,Music generated with Suno; lyrics by artist (confirm),,,,,Not uploaded,
drewbie-doobie-doo.mp3,15wAnDjGnggoK1xPs9gMT0Tf5ngGMNNMu,Drewbie Doobie Doo,Drewbie Doobie Doo,,,Y,The Festival Floor,The Festival Floor,,,Hip-Hop/Rap,Dance,listen,,5:19,2026-07-22T21:49:52Z,8c17248d-7da6-4c02-bce8-73ea41bb90e6,,TODO,Not started,,,,Music generated with Suno; lyrics by artist (confirm),,,,,Not uploaded,
drive-by-contact-high.mp3,1nM16RzH9d6uOCHQD74aP0UdUy1n8t2K4,Drive By Contact High,Drive By Contact High,,,Y,The Festival Floor,The Festival Floor,,,Hip-Hop/Rap,Dance,Y?,,7:26,2026-07-25T21:37:43Z,706eebac-ed5f-49b2-a712-e135e58b406e,,TODO,Not started,,,,Music generated with Suno; lyrics by artist (confirm),,,,,Not uploaded,
finding-carl-festy-quest-boogie-down.mp3,1ThgXYKQ5eFGCydIeeQIJvDbLuiOEaxy-,Finding Carl (Festy Quest Boogie Down),Finding Carl (Festy Quest Boogie Down),,,Y,The Festival Floor,The Festival Floor,,,Hip-Hop/Rap,Dance,listen,,5:50,2026-07-08T18:25:42Z,3ff93012-95f8-473d-9706-3df5e1bb6a0f,,TODO,Not started,,,,Music generated with Suno; lyrics by artist (confirm),,,,,Not uploaded,
game-over-never-j-slay-forever-2.mp3,10JjLHxAE4HZEsN5DeatBthwi61UZGrZh,"Game Over Never, J Slay Forever · Version 2","Game Over Never, J Slay Forever",,,Y,The Festival Floor,The Festival Floor,,,Hip-Hop/Rap,Dance,listen,version-suffix,3:47,2026-07-09T21:28:56Z,b19acffc-9314-4f50-8487-eaba113948cc,,TODO,Not started,,,,Music generated with Suno; lyrics by artist (confirm),,,,,Not uploaded,
going-pink-fishin-v1.mp3,1Zr96ZRyF6Aa86mMWw-ibe18dgjedDCVT,Going Pink Fishin · Version 1,Going Pink Fishin,,G005,,The Festival Floor,The Festival Floor,,,Hip-Hop/Rap,Dance,listen,version-suffix; multiple takes - choose one,4:35,2026-07-19T01:05:40Z,6962d56e-1eb7-4378-a73b-2f5454ddb331,,TODO,Not started,,,,Music generated with Suno; lyrics by artist (confirm),,,,,Not uploaded,
going-pink-fishinv2.mp3,1w0kzmqpmb4nYbO5WJ5zfzjmg5x2sqGpF,Going Pink Fishin · Version 2,Going Pink Fishin,,G005,,The Festival Floor,The Festival Floor,,,Hip-Hop/Rap,Dance,listen,version-suffix; multiple takes - choose one,5:30,2026-07-19T01:05:56Z,dbfc3ac3-201d-4b23-9b4e-4c61b3e6cd51,,TODO,Not started,,,,Music generated with Suno; lyrics by artist (confirm),,,,,Not uploaded,
golden-dawn-got-me-fu-ed-up.mp3,1I0YsiuXyHLMqBL4jfHDhRxvdR_vCMDDg,Golden Dawn Got Me Fu*#ed Up!,Golden Dawn Got Me Fu*#ed Up!,,,Y,The Festival Floor,The Festival Floor,,,Hip-Hop/Rap,Dance,listen,,4:28,2026-07-10T00:14:41Z,34a08195-506f-41e1-ae20-85765726890d,,TODO,Not started,,,,Music generated with Suno; lyrics by artist (confirm),,,,,Not uploaded,
haumschild-shoots-his-shot-extended-clip-edition.mp3,1wDrk4IQJb0vRI_cppnyJHk-706lU42wR,Haumschild Shoots His Shot (Extended Clip Edition),Haumschild Shoots His Shot (Extended Clip Edition),,,Y,The Festival Floor,The Festival Floor,,,Hip-Hop/Rap,Dance,listen,,6:11,2026-07-19T00:52:13Z,d3dc3210-15ef-4417-9aff-f5fdca1607c3,,TODO,Not started,,,,Music generated with Suno; lyrics by artist (confirm),,,,,Not uploaded,
interlacing-heavens2.mp3,1M0WcLcoO7BY0DIVgN5Jw_rZd5zcrh2Uk,Interlacing Heavens · Version 2,Interlacing Heavens,,,Y,The Festival Floor,The Festival Floor,,,Hip-Hop/Rap,Dance,listen,version-suffix,4:25,2026-07-03T12:42:30Z,e7a64f23-3bad-4327-b37e-d8ba07ef3d76,,TODO,Not started,,,,Music generated with Suno; lyrics by artist (confirm),,,,,Not uploaded,
joc-em-up.mp3,1O-FGTJmZiyydzkhZK8GIr36zRykxBU9O,Joc Em Up,Joc Em Up,,,Y,The Festival Floor,The Festival Floor,,,Hip-Hop/Rap,Dance,listen,,3:49,2026-07-03T05:01:46Z,09e3970e-e0b7-4892-85fa-2c81230030ef,,TODO,Not started,,,,Music generated with Suno; lyrics by artist (confirm),,,,,Not uploaded,
joc-em-up-alt.mp3,1ssOWixMkr9RGxnJMUqN54clY38VwPmAJ,Joc Em Up · Alt,Joc Em Up · Alt,,,Y,The Festival Floor,The Festival Floor,,,Hip-Hop/Rap,Dance,listen,,3:53,2026-07-03T05:01:54Z,17d87883-2872-4926-bcb5-e6c97bd7e98f,,TODO,Not started,,,,Music generated with Suno; lyrics by artist (confirm),,,,,Not uploaded,
just-flyin-by.mp3,1Dqf6CrTEWcTmmEcllkT2IgqI4NoxfMZD,Just Flyin By,Just Flyin By,,G006,,The Festival Floor,The Festival Floor,,,Hip-Hop/Rap,Dance,listen,multiple takes - choose one,5:53,2026-07-27T19:16:11Z,4b4dec28-b959-4b4c-ad81-2844521306e6,,TODO,Not started,,,,Music generated with Suno; lyrics by artist (confirm),,,,,Not uploaded,
just-flyin-by-remastered.mp3,1ixwLG8OAJTGzDrXQBKApum4OQ8aJD-Qs,Just Flyin By (Remastered),Just Flyin By,,G006,,The Festival Floor,The Festival Floor,,,Hip-Hop/Rap,Dance,listen,'Remastered' not allowed unless prior release; multiple takes - choose one,5:53,2026-07-27T19:21:03Z,d131a638-ab4e-4fb7-8cdb-6c5b467c43a2,,TODO,Not started,,,,Music generated with Suno; lyrics by artist (confirm),,,,,Not uploaded,
just-flyin-by2.mp3,1-YE-bAkkuk2m_LKFwib6riQ4na-qqHu9,Just Flyin By · Version 2,Just Flyin By,,G006,,The Festival Floor,The Festival Floor,,,Hip-Hop/Rap,Dance,listen,version-suffix; multiple takes - choose one,5:53,2026-07-27T19:20:56Z,dbe5ca7d-b03a-4db8-abbb-d6ab24f52eb2,,TODO,Not started,,,,Music generated with Suno; lyrics by artist (confirm),,,,,Not uploaded,
keep-it.mp3,15-X7mdYbJ4L5bw5OdOBuGC76rQjDvvDt,Keep It 💯,Keep It,,,Y,The Festival Floor,The Festival Floor,,,Hip-Hop/Rap,Dance,listen,emoji-in-title,2:12,2026-08-04T14:02:02Z,04b31205-6d11-4478-adc8-0012a6c24076,,TODO,Not started,,,,Music generated with Suno; lyrics by artist (confirm),,,,,Not uploaded,
ladybug-s-hideaway-the-final-birthday-master-edit.mp3,1hjnIG9sbJX5fu1RkyciwuS8PULbPVUJN,Ladybug's Hideaway (The Final Birthday Master Edit),Ladybug's Hideaway (The Final Birthday Master Edit),,,Y,The Festival Floor,The Festival Floor,,,Hip-Hop/Rap,Dance,listen,,4:32,2026-08-01T04:23:40Z,3d84c84f-6887-42f0-a83f-75e1d4ed25f9,,TODO,Not started,,,,Music generated with Suno; lyrics by artist (confirm),,,,,Not uploaded,
lil-dude-with-big-bass-behavior.mp3,1bmvhgFaiqdBiNIeGb_TaCrdurxpZm5Jv,Lil Dude with Big Bass Behavior,Lil Dude with Big Bass Behavior,,,Y,The Festival Floor,The Festival Floor,,,Hip-Hop/Rap,Dance,Y?,,4:54,2026-07-19T00:33:39Z,72b1ce50-07e3-4cd9-89a5-dbce91fb84d3,,TODO,Not started,,,,Music generated with Suno; lyrics by artist (confirm),,,,,Not uploaded,
ndyv-the-doubtin-carl-remix.mp3,1DyP01QDDKv5FjECZKzDOU2qFW5pe7G7O,Ndyv (The Doubtin Carl Remix),Ndyv (The Doubtin Carl Remix),,,Y,The Festival Floor,The Festival Floor,,,Hip-Hop/Rap,Dance,listen,,5:05,2026-07-08T18:51:01Z,2833f410-78fa-433c-b307-d58f0821d0d2,,TODO,Not started,,,,Music generated with Suno; lyrics by artist (confirm),,,,,Not uploaded,
nine-lives-in-the-chi-x-marks-the-cat.mp3,16jIaPs6yIT1-vTZ-KFFjtQF8aay--HRU,Nine Lives in the Chi (X Marks the Cat),Nine Lives in the Chi (X Marks the Cat),,,Y,The Festival Floor,The Festival Floor,,,Hip-Hop/Rap,Dance,listen,,3:35,2026-07-16T14:21:53Z,ba715315-885e-4e5a-aaa4-c737e2433d1a,,TODO,Not started,,,,Music generated with Suno; lyrics by artist (confirm),,,,,Not uploaded,
pika-goose-and-the-crew1.mp3,1OpNykB4RaR8bQwtV9-SmyulYXFzVMac9,Pika Goose and the Crew · Version 1,Pika Goose and the Crew,,,Y,The Festival Floor,The Festival Floor,,,Hip-Hop/Rap,Dance,listen,version-suffix,4:27,2026-07-10T00:43:31Z,a6ad91c4-e0b7-4e52-9559-843dac796af3,,TODO,Not started,,,,Music generated with Suno; lyrics by artist (confirm),,,,,Not uploaded,
portal-potty-anthem.mp3,1Mp-oWg5DbWPK2pCYJvxtt1Nv7IJ6hfO2,Portal Potty Anthem,Portal Potty Anthem,,,Y,The Festival Floor,The Festival Floor,,,Hip-Hop/Rap,Dance,listen,,6:52,2026-07-15T10:52:18Z,20207e20-e10f-4e28-a863-83f4ed1fd3e7,,TODO,Not started,,,,Music generated with Suno; lyrics by artist (confirm),,,,,Not uploaded,
portal-potty-wonderland-k-ed-by-the-kattypillar.mp3,12-zgfI4F_zKi2-clDZupm7DSaT2T5zQd,Portal Potty Wonderland (K’ed By the Kattypillar 💨),Portal Potty Wonderland (K’ed By the Kattypillar),,G009,,The Festival Floor,The Festival Floor,,,Hip-Hop/Rap,Dance,listen,emoji-in-title; multiple takes - choose one,5:07,2026-07-15T10:06:27Z,05a5e5e0-9355-455a-af3e-526ede3a0888,,TODO,Not started,,,,Music generated with Suno; lyrics by artist (confirm),,,,,Not uploaded,
portal-potty-wonderland-orgy-at-the-tea-party-edition.mp3,1jZOD9RfVEPkWWY-nI9GrxMLzGZhImxFg,Portal Potty Wonderland (Orgy at the Tea Party Edition),Portal Potty Wonderland (Orgy at the Tea Party Edition),,G009,,The Festival Floor,The Festival Floor,,,Hip-Hop/Rap,Dance,Y?,multiple takes - choose one,6:52,2026-07-15T10:45:12Z,2c5949bc-be4b-49ba-a575-2536dc82914c,,TODO,Not started,,,,Music generated with Suno; lyrics by artist (confirm),,,,,Not uploaded,
portal-potty-wonderland-underground-trap-anthem.mp3,1SyJ3L5sdKg-D7fevR4PjnRZSDU336i8T,Portal Potty Wonderland (Underground Trap Anthem),Portal Potty Wonderland (Underground Trap Anthem),,G009,,The Festival Floor,The Festival Floor,,,Hip-Hop/Rap,Dance,listen,multiple takes - choose one,5:56,2026-07-15T15:09:36Z,0e8dade5-8bd5-431f-a398-e35568a0fb5b,,TODO,Not started,,,,Music generated with Suno; lyrics by artist (confirm),,,,,Not uploaded,
princess-treatment.mp3,1NtfMWfA-U-JopWYrVgE2TdxZ0jiEr9QD,Princess Treatment,Princess Treatment,,,Y,The Festival Floor,The Festival Floor,,,Hip-Hop/Rap,Dance,listen,,3:08,2026-07-21T03:23:15Z,0f24acc2-8b27-4db7-8875-99288e86e6b6,,TODO,Not started,,,,Music generated with Suno; lyrics by artist (confirm),,,,,Not uploaded,
sacred-sherpa-shakedown.mp3,1CNJ2HDk9d_RWhpNMEGzSEDIPjpN3IdZP,Sacred Sherpa Shakedown,Sacred Sherpa Shakedown,,,Y,The Festival Floor,The Festival Floor,,,Hip-Hop/Rap,Dance,listen,,3:31,2026-07-31T04:33:51Z,2b14cac6-65fa-4e45-9d81-56ba2849f063,,TODO,Not started,,,,Music generated with Suno; lyrics by artist (confirm),,,,,Not uploaded,
scorpion-song-extended-astrology.mp3,1tE2d6unL3S3Rqor9jDv7SIT5lddwER8T,Scorpion Song Extended Astrology,Scorpion Song Extended Astrology,,,Y,The Festival Floor,The Festival Floor,,,Hip-Hop/Rap,Dance,listen,>8 min,8:32,2026-07-09T10:49:05Z,687a5498-55c2-4383-8078-b33b9e980d0a,,TODO,Not started,,,,Music generated with Suno; lyrics by artist (confirm),,,,,Not uploaded,
scorpio-s-tail-peasant-s-tale.mp3,1QrAyRIn7yiTi7KKjoeFQwNtWarYJ449N,"Scorpio’s Tail, Peasant’s Tale","Scorpio’s Tail, Peasant’s Tale",,,Y,The Festival Floor,The Festival Floor,,,Hip-Hop/Rap,Dance,listen,,4:33,2026-07-09T07:51:55Z,1963f821-29f9-4976-a8f0-93a1f082efc4,,TODO,Not started,,,,Music generated with Suno; lyrics by artist (confirm),,,,,Not uploaded,
scott-free-brings-the-heat.mp3,1P4w-eZfo2TbqsrpUbXuOncl-Tjerx16-,Scott Free Brings the Heat,Scott Free Brings the Heat,,,Y,The Festival Floor,The Festival Floor,,,Hip-Hop/Rap,Dance,listen,,7:50,2026-07-17T06:35:57Z,524a33ed-bbf1-4b31-ab45-a7c669024196,,TODO,Not started,,,,Music generated with Suno; lyrics by artist (confirm),,,,,Not uploaded,
stay-noble.mp3,18WWNqYp-OMIgskEppXB3bqzfUnujNnv1,Stay Noble,Stay Noble,,,Y,The Festival Floor,The Festival Floor,,,Hip-Hop/Rap,Dance,listen,,2:49,2026-07-22T05:17:14Z,efe29425-a494-4f9c-bdd5-1073ad87dede,,TODO,Not started,,,,Music generated with Suno; lyrics by artist (confirm),,,,,Not uploaded,
sw-ng-beats-not-dicks-ego-crusher-remix.mp3,1stNV430zAgyemZsEh8E50i_O9h8XnEsA,Sw^ng Beats Not Dicks (Ego Crusher Remix),Swing Beats Not Dicks (Ego Crusher Remix),,,Y,The Festival Floor,The Festival Floor,,,Hip-Hop/Rap,Dance,Y?,,5:35,2026-07-17T07:00:13Z,3e85327d-a35b-44c6-a5c6-0624a9f64bc8,,TODO,Not started,,,,Music generated with Suno; lyrics by artist (confirm),,,,,Not uploaded,
test-your-mettle-flexible-mix.mp3,1XTZLy0dUwLRN5CwGrRAEMqe4r0h1b23O,Test Your Mettle (Flexible Mix),Test Your Mettle (Flexible Mix),,G010,,The Festival Floor,The Festival Floor,,,Hip-Hop/Rap,Dance,listen,multiple takes - choose one,4:06,2026-07-11T20:57:21Z,deeef821-fe78-440a-8f88-fd55a7c6b675,,TODO,Not started,,,,Music generated with Suno; lyrics by artist (confirm),,,,,Not uploaded,
test-your-mettle-flexible-mix-2.mp3,11kgnTChnA0Qa87AsCOUZJF0hOWTz4Qp7,Test Your Mettle (Flexible Mix) · Version 2,Test Your Mettle (Flexible Mix),,G010,,The Festival Floor,The Festival Floor,,,Hip-Hop/Rap,Dance,listen,version-suffix; multiple takes - choose one,4:18,2026-07-11T20:57:46Z,d5ff067f-9b9e-465f-acc8-8cba52efd216,,TODO,Not started,,,,Music generated with Suno; lyrics by artist (confirm),,,,,Not uploaded,
the-loose-smooth-goose-juice-groove-goose-troop-remix.mp3,1cakc3UDfBsJ2EGrJJ5Iunms7_e5CZy64,The Loose & Smooth Goose Juice Groove (Goose Troop Remix),The Loose & Smooth Goose Juice Groove (Goose Troop Remix),,G013,,The Festival Floor,The Festival Floor,,,Hip-Hop/Rap,Dance,Y?,multiple takes - choose one,4:52,2026-07-09T18:44:00Z,c74ede0a-f3e5-48e7-a9e3-67bc8c600bfd,,TODO,Not started,,,,Music generated with Suno; lyrics by artist (confirm),,,,,Not uploaded,
the-loose-smooth-goose-juice-groove-goose-troop-remix-remastered.mp3,1MCJcVFDgDViYleZzuOa1A1DU62n6B59Q,The Loose & Smooth Goose Juice Groove (Goose Troop Remix) (Remastered),The Loose & Smooth Goose Juice Groove (Goose Troop Remix),,G013,,The Festival Floor,The Festival Floor,,,Hip-Hop/Rap,Dance,Y?,'Remastered' not allowed unless prior release; multiple takes - choose one,4:52,2026-07-10T00:29:57Z,a01812bd-871a-4894-a8cf-3e72ebe0748a,,TODO,Not started,,,,Music generated with Suno; lyrics by artist (confirm),,,,,Not uploaded,
the-loose-smooth-goose-juice-groove-goose-troop-remix-remastered-2.mp3,1kXFMbRYzIFQ6ngTlqeTa3lZ7dI2NzpyY,The Loose & Smooth Goose Juice Groove (Goose Troop Remix) (Remastered) · Version 2,The Loose & Smooth Goose Juice Groove (Goose Troop Remix),,G013,,The Festival Floor,The Festival Floor,,,Hip-Hop/Rap,Dance,Y?,'Remastered' not allowed unless prior release; version-suffix; multiple takes - choose one,4:52,2026-07-10T00:29:35Z,94ea6da5-13c3-4528-849d-eacae54b1cf3,,TODO,Not started,,,,Music generated with Suno; lyrics by artist (confirm),,,,,Not uploaded,
this-is-why-we-can-t-have-set-times.mp3,1XR4CpzNCxVMGxHK3lO41VF7BX6t-gMWr,This Is Why We Can’t Have Set Times,This Is Why We Can’t Have Set Times,,,Y,The Festival Floor,The Festival Floor,,,Hip-Hop/Rap,Dance,listen,,5:05,2026-07-15T11:15:15Z,ac73a7fd-cc4b-4b57-ab67-89c95b632889,,TODO,Not started,,,,Music generated with Suno; lyrics by artist (confirm),,,,,Not uploaded,
virgo-freakin.mp3,1TE3HxXdJPDRJQNkiSPAyr6ShXqs19z26,Virgo Freakin’,Virgo Freakin’,,G015,,The Festival Floor,The Festival Floor,,,Hip-Hop/Rap,Dance,listen,multiple takes - choose one,3:22,2026-07-21T03:34:25Z,7befaaf5-27da-43f3-8e5c-fa772a92f087,,TODO,Not started,,,,Music generated with Suno; lyrics by artist (confirm),,,,,Not uploaded,
virgo-freakin-remastered.mp3,1URTALeE9DszV4JYP0Lu4MBtkYC4C0oYJ,Virgo Freakin’ (Remastered),Virgo Freakin’,,G015,,The Festival Floor,The Festival Floor,,,Hip-Hop/Rap,Dance,listen,'Remastered' not allowed unless prior release; multiple takes - choose one,3:22,2026-07-21T03:40:27Z,c28503e2-8fe7-4e39-8f5f-df1b22c67c74,,TODO,Not started,,,,Music generated with Suno; lyrics by artist (confirm),,,,,Not uploaded,
we-already-know.mp3,1ydvIWqpGn_KuLTlKIClmi6hFDH-wj3fi,We Already Know,We Already Know,,,Y,The Festival Floor,The Festival Floor,,,Hip-Hop/Rap,Dance,listen,,2:56,2026-07-22T04:43:30Z,efaf27c7-8999-42c1-838d-e39e55cd48c4,,TODO,Not started,,,,Music generated with Suno; lyrics by artist (confirm),,,,,Not uploaded,
where-the-fuck-is-carl.mp3,1f-bPEQQ1lruHT5X4VJbsawAVJZrt5uOD,Where the Fuck Is Carl?,Where the Fuck Is Carl?,,,Y,The Festival Floor,The Festival Floor,,,Hip-Hop/Rap,Dance,Y?,,5:00,2026-07-08T17:18:30Z,3c6b555a-68a6-4710-a598-52f8a40bfb97,,TODO,Not started,,,,Music generated with Suno; lyrics by artist (confirm),,,,,Not uploaded,
whippits-wheelchairs.mp3,1Jo6XfncX44DZozA2baC52aLEDBbJ0Jd5,Whippits & Wheelchairs,Whippits & Wheelchairs,,,Y,The Festival Floor,The Festival Floor,,,Hip-Hop/Rap,Dance,Y?,,4:44,2026-07-08T19:47:02Z,cb8ac862-de68-45ca-8025-e371344d0077,,TODO,Not started,,,,Music generated with Suno; lyrics by artist (confirm),,,,,Not uploaded,
wubby-goose.mp3,1jM7__MmjgHnmVzf0E5oRqtUbMxQkcKxP,Wubby Goose,Wubby Goose,,,Y,The Festival Floor,The Festival Floor,,,Hip-Hop/Rap,Dance,listen,,4:28,2026-07-09T18:43:32Z,8ccb7017-877c-488a-82cd-f3dd6341c769,,TODO,Not started,,,,Music generated with Suno; lyrics by artist (confirm),,,,,Not uploaded,
all-soul-no-shoal.mp3,1KtXkZdw8nFrWhE_HB_SmffyqhMayIO-0,All Soul No Shoal,All Soul No Shoal,,,Y,The Frequency,The Frequency,,,Electronic,Christian & Gospel,listen,,3:54,2026-07-25T14:29:35Z,5cae1bfe-379e-445a-b5db-3b54c4524e2d,,TODO,Not started,,,,Music generated with Suno; lyrics by artist (confirm),,,,,Not uploaded,
angel-cake-remastered.mp3,1craqWp-7BjlP6yVvp-G9KrYcJtZAf36v,Angel Cake (Remastered),Angel Cake,,,Y,The Frequency,The Frequency,,,Electronic,Christian & Gospel,listen,'Remastered' not allowed unless prior release; >8 min,9:06,2026-07-28T10:49:19Z,3f1cfd09-a828-4fc3-bb85-58f061e1ef08,,TODO,Not started,,,,Music generated with Suno; lyrics by artist (confirm),,,,,Not uploaded,
channeled-confirmation.mp3,1V5nqBwIiRQPNi9V2-SOKjySPO3C7Wazk,Channeled Confirmation,Channeled Confirmation,,,Y,The Frequency,The Frequency,,,Electronic,Christian & Gospel,listen,,4:47,2026-08-05T10:28:07Z,2b1abbad-ef03-4fd3-b8e5-0b0c5d9e5b3c,,TODO,Not started,,,,Music generated with Suno; lyrics by artist (confirm),,,,,Not uploaded,
coven-collection.mp3,1Pf3gFZc6QeseC_KHOwNXhEQXd_8lypep,Coven Collection,Coven Collection,,,Y,The Frequency,The Frequency,,,Electronic,Christian & Gospel,listen,,3:43,2026-07-26T11:46:09Z,0e72c162-6712-4278-906b-fe312cfe8340,,TODO,Not started,,,,Music generated with Suno; lyrics by artist (confirm),,,,,Not uploaded,
demi-trades-magick-witchy-flip-edit-remastered-1.mp3,1O8e2MPqRGNfCVFdtjCdzYNaB7Zb_X3ae,Demi Trades Magick (Witchy Flip Edit) (Remastered) · Version 1,Demi Trades Magick (Witchy Flip Edit),,G004,,The Frequency,The Frequency,,,Electronic,Christian & Gospel,listen,'Remastered' not allowed unless prior release; version-suffix; multiple takes - choose one,4:56,2026-07-16T15:13:02Z,9b869331-56aa-4443-b681-eb0361df124e,,TODO,Not started,,,,Music generated with Suno; lyrics by artist (confirm),,,,,Not uploaded,
demi-trades-magick-witchy-flip-edit-remastered-2.mp3,1nIZ-oj-FEuHIyPjbuLg-xrP2eYyuHhAT,Demi Trades Magick (Witchy Flip Edit) (Remastered) · Version 2,Demi Trades Magick (Witchy Flip Edit),,G004,,The Frequency,The Frequency,,,Electronic,Christian & Gospel,listen,'Remastered' not allowed unless prior release; version-suffix; multiple takes - choose one,4:56,2026-07-16T15:13:11Z,132bae88-38ba-4d8c-8797-afdfbc5494c5,,TODO,Not started,,,,Music generated with Suno; lyrics by artist (confirm),,,,,Not uploaded,
dharma-is-my-safe-word.mp3,1C5Mp6_D9CfpC4FJby0-474ugTtgc_YYs,Dharma Is My Safe Word,Dharma Is My Safe Word,,,Y,The Frequency,The Frequency,,,Electronic,Christian & Gospel,listen,,4:38,2026-07-18T09:50:29Z,aa48aa7d-7020-4fc6-9bab-91dafd40c61a,,TODO,Not started,,,,Music generated with Suno; lyrics by artist (confirm),,,,,Not uploaded,
dharma-without-d-is-just-harma.mp3,1M8XD2DB-RW8UJGbcgu4SPBECTqcyY2YT,Dharma Without D Is Just Harma,Dharma Without D Is Just Harma,,,Y,The Frequency,The Frequency,,,Electronic,Christian & Gospel,listen,,8:00,2026-07-18T10:13:52Z,c31ca0bd-a94a-48bd-a5d1-0b237a5a7713,,TODO,Not started,,,,Music generated with Suno; lyrics by artist (confirm),,,,,Not uploaded,
divine-counterpart.mp3,1q3pYL2RZIjEbIXT5t5xpegQ_H4BfECSI,Divine Counterpart,Divine Counterpart,,,Y,The Frequency,The Frequency,,,Electronic,Christian & Gospel,listen,,5:11,2026-07-11T05:46:40Z,e9ea6ee2-d513-487f-8ba3-3485b6eaf861,,TODO,Not started,,,,Music generated with Suno; lyrics by artist (confirm),,,,,Not uploaded,
energy-doesn-t-lie-remastered.mp3,1hLqr50UQdkk7YYGjqKRg83psrStlTDVL,Energy Doesn’t Lie (Remastered),Energy Doesn’t Lie,,,Y,The Frequency,The Frequency,,,Electronic,Christian & Gospel,listen,'Remastered' not allowed unless prior release; >8 min,8:42,2026-07-29T14:43:31Z,ced64f91-aefb-4e25-a744-2a5c006283b0,,TODO,Not started,,,,Music generated with Suno; lyrics by artist (confirm),,,,,Not uploaded,
fully-integrated-new-earth-freak-uency.mp3,1dZgIv_qMQ8ECc9SaB9b6qoKB5Eo2qhCE,Fully Integrated (New Earth Freak Uency),Fully Integrated (New Earth Freak Uency),,,Y,The Frequency,The Frequency,,,Electronic,Christian & Gospel,listen,,5:45,2026-07-23T13:02:24Z,c4e493b4-7419-4f06-b041-720f7de43999,,TODO,Not started,,,,Music generated with Suno; lyrics by artist (confirm),,,,,Not uploaded,
halo-with-an-edge.mp3,1DQqZkuLcXEq4QN04bzBmj5Bodr4-1R2Q,Halo with an Edge,Halo with an Edge,,,Y,The Frequency,The Frequency,,,Electronic,Christian & Gospel,listen,,4:19,2026-07-01T00:21:40Z,bad7117f-ba76-4e48-ba05-82c7cfd6eab0,,TODO,Not started,,,,Music generated with Suno; lyrics by artist (confirm),,,,,Not uploaded,
halo-with-an-edge-pro.mp3,1ruFzPCBPVp24x9sO2aS_lIZMY22wUvfw,Halo with an Edge · Pro,Halo with an Edge · Pro,,,Y,The Frequency,The Frequency,,,Electronic,Christian & Gospel,listen,,4:34,2026-07-01T05:51:18Z,c4b10b97-86ec-43b7-98a1-8f9b7b772b12,,TODO,Not started,,,,Music generated with Suno; lyrics by artist (confirm),,,,,Not uploaded,
high-freak-prayer.mp3,1W-Kvtc3DWvHZXq2lbSzlGTMWBlyL9OcD,High Freak Prayer,High Freak Prayer,,,Y,The Frequency,The Frequency,,,Electronic,Christian & Gospel,Y?,,4:35,2026-07-01T07:35:39Z,6ae64a36-ebfd-406f-98c3-05063d9410bc,,TODO,Not started,,,,Music generated with Suno; lyrics by artist (confirm),,,,,Not uploaded,
holy-desire.mp3,1r8vpddTJTjeEL5hmn9xbeOhiTLlHjAZh,Holy Desire,Holy Desire,,,Y,The Frequency,The Frequency,,,Electronic,Christian & Gospel,listen,,4:23,2026-07-01T07:18:20Z,d0799967-e1e6-4d57-8c69-12baf2cc72aa,,TODO,Not started,,,,Music generated with Suno; lyrics by artist (confirm),,,,,Not uploaded,
hufflepuffin-puff-pass-remastered.mp3,10yrETKPIxToHVl_o0wIfNKqE19UhZ6xH,Hufflepuffin' Puff Pass (Remastered),Hufflepuffin' Puff Pass,,,Y,The Frequency,The Frequency,,,Electronic,Christian & Gospel,Y?,'Remastered' not allowed unless prior release; trademark/IP risk - retitle,3:45,2026-07-13T16:54:47Z,c5b7a342-dae0-47f4-8450-5988cd6f6f8f,,TODO,Not started,,,,Music generated with Suno; lyrics by artist (confirm),,,,,Not uploaded,
i-am-frequency.mp3,1Dd3Jy7fhJXP8SO4xu8vuKVUzaEsqB5_9,I Am (Frequency),I Am (Frequency),,,Y,The Frequency,The Frequency,,,Electronic,Christian & Gospel,listen,,3:01,2026-07-26T10:03:29Z,2b4634b0-80bf-4208-8479-8442a0c8d27a,,TODO,Not started,,,,Music generated with Suno; lyrics by artist (confirm),,,,,Not uploaded,
i-am-frequency-slow.mp3,1I5U8Ns13GVNTKBRGsd0yNtwYvrUZG0P6,I Am (Frequency) · Slow,I Am (Frequency) · Slow,,,Y,The Frequency,The Frequency,,,Electronic,Christian & Gospel,listen,,3:12,2026-07-26T10:03:29Z,f437d6ec-5e2a-485b-92c4-26e9aab65510,,TODO,Not started,,,,Music generated with Suno; lyrics by artist (confirm),,,,,Not uploaded,
kundalini-serpents-call.mp3,1t3NEktU1MxpAia_5PaHtnmwu-XqeHdGT,Kundalini (Serpents Call),Kundalini (Serpents Call),,,Y,The Frequency,The Frequency,,,Electronic,Christian & Gospel,listen,,4:58,2026-07-26T09:02:35Z,36d5e14a-bb28-490c-827c-aa6d6a4e3ce4,,TODO,Not started,,,,Music generated with Suno; lyrics by artist (confirm),,,,,Not uploaded,
most-high-my-love-life.mp3,1gnR_-aJMP5docxhjQacI89fS2CxypVbI,Most High My Love Life,Most High My Love Life,,,Y,The Frequency,The Frequency,,,Electronic,Christian & Gospel,listen,,5:58,2026-07-01T07:10:20Z,5991f6f1-3043-4895-9b90-402f3c6ba4b5,,TODO,Not started,,,,Music generated with Suno; lyrics by artist (confirm),,,,,Not uploaded,
namast-slay.mp3,1fwljbazg6Ig3xrEeoxJwuw9xLo_fNggb,Namast Slay,Namast Slay,,,Y,The Frequency,The Frequency,,,Electronic,Christian & Gospel,listen,,7:55,2026-07-13T18:18:30Z,d0002e9c-baaa-4050-a848-fe5d88df46c1,,TODO,Not started,,,,Music generated with Suno; lyrics by artist (confirm),,,,,Not uploaded,
navi-s-freakuency.mp3,1jHryMiuU9w5sabaYb90TSz9uJI-zAbaO,Navi’s Freakuency,Navi’s Freakuency,,,Y,The Frequency,The Frequency,,,Electronic,Christian & Gospel,listen,,5:05,2026-07-23T13:24:37Z,2e56514e-f47f-4200-a271-549220bbb4af,,TODO,Not started,,,,Music generated with Suno; lyrics by artist (confirm),,,,,Not uploaded,
of-flame-form.mp3,1bnpHaRYU2KnTWBkCdiEdkzrgWLp7sUbX,Of Flame & Form,Of Flame & Form,,,Y,The Frequency,The Frequency,,,Electronic,Christian & Gospel,listen,,3:44,2026-07-26T08:49:07Z,5a822ae9-0b07-4620-98b6-05ef9638a7d0,,TODO,Not started,,,,Music generated with Suno; lyrics by artist (confirm),,,,,Not uploaded,
risen-the-temple.mp3,1FINJU9Tz4l6QqcZEhMuW_3NRWkO2tkiw,Risen (The Temple),Risen (The Temple),,,Y,The Frequency,The Frequency,,,Electronic,Christian & Gospel,listen,,3:29,2026-07-01T00:32:14Z,1de30192-8e34-4e01-b1ea-131fd20dc39f,,TODO,Not started,,,,Music generated with Suno; lyrics by artist (confirm),,,,,Not uploaded,
risen-the-temple-pro.mp3,1wNGZ3czaBZAYTKXwnbO_cVr9hGdshA0k,Risen (The Temple) · Pro,Risen (The Temple) · Pro,,,Y,The Frequency,The Frequency,,,Electronic,Christian & Gospel,listen,,3:37,2026-07-01T05:51:38Z,cd3418de-9cc2-40e9-8131-fb0a822861bd,,TODO,Not started,,,,Music generated with Suno; lyrics by artist (confirm),,,,,Not uploaded,
seven-eighty-three-schumann-resonance.mp3,1dnKgNmgN22R0xO73LdKTkPu9aYd-1N4Y,Seven Eighty Three — Schumann Resonance,Seven Eighty Three — Schumann Resonance,,,Y,The Frequency,The Frequency,,,Electronic,Christian & Gospel,listen,,4:37,2026-07-26T11:48:40Z,e5983243-8653-471e-820e-c8bbd5b8e986,,TODO,Not started,,,,Music generated with Suno; lyrics by artist (confirm),,,,,Not uploaded,
shae-below.mp3,1tk5CYCk6PT3x8lN992v6c3idQv2bUQQC,Shae Below,Shae Below,,,Y,The Frequency,The Frequency,,,Electronic,Christian & Gospel,listen,,7:59,2026-07-29T22:55:41Z,4f948334-3227-4960-a9c0-69113bad7608,,TODO,Not started,,,,Music generated with Suno; lyrics by artist (confirm),,,,,Not uploaded,
she-said-the-temple-has-no-door.mp3,1Cr8xDLgxXlbtwWwbJpwTpexSOCVJv5UM,She Said the Temple Has No Door,She Said the Temple Has No Door,,,Y,The Frequency,The Frequency,,,Electronic,Christian & Gospel,listen,,4:13,2026-07-27T12:00:42Z,edd36611-4273-4d29-871a-1f68550264d8,,TODO,Not started,,,,Music generated with Suno; lyrics by artist (confirm),,,,,Not uploaded,
shoalfish.mp3,1KmdCmi4_VPj1X03r5tK_-rncp1mhXThY,ShoalFish,ShoalFish,,,Y,The Frequency,The Frequency,,,Electronic,Christian & Gospel,listen,,3:35,2026-07-25T14:29:35Z,abe398e5-e1b1-4f26-a6eb-d8ae22c26a07,,TODO,Not started,,,,Music generated with Suno; lyrics by artist (confirm),,,,,Not uploaded,
shy-heyoka-shae-oka.mp3,1GHWie-2E4MgV3JWSfLJlmYXv196cafww,Shy + Heyoka = Shae Oka,Shy + Heyoka = Shae Oka,,,Y,The Frequency,The Frequency,,,Electronic,Christian & Gospel,listen,,2:14,2026-07-20T17:34:20Z,d1de0bd3-2e2e-4a9b-9ad4-28a1a2b2dba4,,TODO,Not started,,,,Music generated with Suno; lyrics by artist (confirm),,,,,Not uploaded,
so-below-las-above-flex.mp3,1biWDKnzZD5wWGO_mNKlYy9VHqQ4Mx10B,So Below (Las Above Flex),So Below (Las Above Flex),,,Y,The Frequency,The Frequency,,,Electronic,Christian & Gospel,listen,>8 min,8:25,2026-07-29T23:26:35Z,77ef94fd-eba3-4f03-ac05-43139c06f6cd,,TODO,Not started,,,,Music generated with Suno; lyrics by artist (confirm),,,,,Not uploaded,
starseed.mp3,17nc6F71VZgtOu4hBj2PDL6MTOvfdMQWy,Starseed,Starseed,,,Y,The Frequency,The Frequency,,,Electronic,Christian & Gospel,listen,,3:10,2026-06-30T19:19:31Z,d24338ae-b738-4156-96c4-10864f04b430,,TODO,Not started,,,,Music generated with Suno; lyrics by artist (confirm),,,,,Not uploaded,
the-contact-high-drive-by-most-high-exclusive-remastered.mp3,11DEspUy-dq7naLdD2-_WwBJo3HpSyQrU,The Contact High Drive By (Most High Exclusive) (Remastered),The Contact High Drive By (Most High Exclusive),,,Y,The Frequency,The Frequency,,,Electronic,Christian & Gospel,Y?,'Remastered' not allowed unless prior release,7:26,2026-07-25T21:37:52Z,2a2d5480-fa05-4cd1-bd9c-e7377ccfd788,,TODO,Not started,,,,Music generated with Suno; lyrics by artist (confirm),,,,,Not uploaded,
where-petals-turn-into-stars.mp3,1_BJ8oSPHzUUgCY_BhnpyqTNoSZQ8fi8U,Where Petals Turn into Stars 🫶🏻🙏,Where Petals Turn into Stars,,,Y,The Frequency,The Frequency,,,Electronic,Christian & Gospel,listen,emoji-in-title,4:53,2026-08-01T20:08:35Z,3765bb04-22d9-4294-8f73-7af8bd34b0ba,,TODO,Not started,,,,Music generated with Suno; lyrics by artist (confirm),,,,,Not uploaded,
wizard-horny-potter.mp3,11dRuer1OoSJbZq4zun-tWqq1d3vv6PEM,Wizard 🧙‍♂️ Horny Potter 🦄🍃,Wizard Horny Potter,,G016,,The Frequency,The Frequency,,,Electronic,Christian & Gospel,Y?,emoji-in-title; trademark/IP risk - retitle; multiple takes - choose one,4:45,2026-07-13T12:32:52Z,fcb68500-49c6-40c1-96a9-23394410ec04,,TODO,Not started,,,,Music generated with Suno; lyrics by artist (confirm),,,,,Not uploaded,
wizard-horny-potter-remastered.mp3,1pgW_vNW8ua4BkAfkgO-2EUk_-mVnY6gB,Wizard 🧙‍♂️ Horny Potter 🦄🍃 (Remastered),Wizard Horny Potter,,G016,,The Frequency,The Frequency,,,Electronic,Christian & Gospel,Y?,emoji-in-title; 'Remastered' not allowed unless prior release; trademark/IP risk - retitle; multiple takes - choose one,4:45,2026-07-13T14:57:08Z,33c200dc-5b40-4afa-bcf1-f7960efd13f3,,TODO,Not started,,,,Music generated with Suno; lyrics by artist (confirm),,,,,Not uploaded,
wizard-horny-potter-remastered-2.mp3,1q4guc7hOJqXz39WMRaDtjV2ZjQtqhaOO,Wizard 🧙‍♂️ Horny Potter 🦄🍃 (Remastered) · Version 2,Wizard Horny Potter,,G016,,The Frequency,The Frequency,,,Electronic,Christian & Gospel,Y?,emoji-in-title; 'Remastered' not allowed unless prior release; version-suffix; trademark/IP risk - retitle; multiple takes - choose one,4:45,2026-07-13T14:55:38Z,6b691e36-2d7b-4ad8-b5f2-5b62b79a0a99,,TODO,Not started,,,,Music generated with Suno; lyrics by artist (confirm),,,,,Not uploaded,
the-still-valley-the-certain-fire-2.mp3,1yw56imvyX93SiENtx18Mlg3Okh2syPOt,🎵 The Still Valley & the Certain Fire · Version 2,The Still Valley & the Certain Fire,,,Y,The Frequency,The Frequency,,,Electronic,Christian & Gospel,listen,emoji-in-title; version-suffix,4:32,2026-08-05T18:31:17Z,ae373c41-fb23-4d93-92ed-795b68a8e3b2,,TODO,Not started,,,,Music generated with Suno; lyrics by artist (confirm),,,,,Not uploaded,
a-man-wrote-this-the-sovereign-divine-feminine.mp3,19msJOoRyNPcW8gAHcJAhsSCOsJc_yl9d,A Man Wrote This (The Sovereign Divine Feminine),A Man Wrote This (The Sovereign Divine Feminine),,,Y,The Reckoning,The Reckoning,,,Hip-Hop/Rap,Alternative,listen,,5:35,2026-08-02T00:08:39Z,3ee41400-0dca-4687-8377-25336a2b769a,,TODO,Not started,,,,Music generated with Suno; lyrics by artist (confirm),,,,,Not uploaded,
along-atop-the-tautology-unearned-property-claims-audit.mp3,194AKOpRNs08pVhPJ5Rqb9u6e1yDKACbO,Along Atop the Tautology (Unearned Property Claims Audit),Along Atop the Tautology (Unearned Property Claims Audit),,,Y,The Reckoning,The Reckoning,,,Hip-Hop/Rap,Alternative,listen,>8 min,8:13,2026-07-31T21:23:03Z,84bce8e7-a809-4336-9f8b-0854deef6a2a,,TODO,Not started,,,,Music generated with Suno; lyrics by artist (confirm),,,,,Not uploaded,
always-watching-the-watchers.mp3,1_GUrn1GvjNI8532gcMawdjhgUlf1Kt4w,Always Watching the Watchers,Always Watching the Watchers,,,Y,The Reckoning,The Reckoning,,,Hip-Hop/Rap,Alternative,listen,,4:06,2026-08-02T13:23:51Z,91f40ed5-8120-46d3-abe2-dee9e1c2ce98,,TODO,Not started,,,,Music generated with Suno; lyrics by artist (confirm),,,,,Not uploaded,
ask-first-bitch.mp3,1iKqPwHxWd1VYIx9eLEG89_4l7CqZr2LC,Ask First Bitch!,Ask First Bitch!,,G001,,The Reckoning,The Reckoning,,,Hip-Hop/Rap,Alternative,Y?,multiple takes - choose one,5:38,2026-07-15T11:38:54Z,035a820d-0760-4f82-bed7-b3ed026eff14,,TODO,Not started,,,,Music generated with Suno; lyrics by artist (confirm),,,,,Not uploaded,
ask-first-bitch-remastered.mp3,1AwytJlWYXgr2b0E53EAaK8WrlKwrGL9M,Ask First Bitch! (Remastered),Ask First Bitch!,,G001,,The Reckoning,The Reckoning,,,Hip-Hop/Rap,Alternative,Y?,'Remastered' not allowed unless prior release; multiple takes - choose one,5:38,2026-07-15T11:42:36Z,0e314819-2b2a-446a-a0e2-71df8824a251,,TODO,Not started,,,,Music generated with Suno; lyrics by artist (confirm),,,,,Not uploaded,
audit-season.mp3,170LOKz_Q3NS3piML6Beh5Gv1bhgAeCKz,Audit Season,Audit Season,,,Y,The Reckoning,The Reckoning,,,Hip-Hop/Rap,Alternative,listen,,3:36,2026-07-18T02:14:24Z,14499e05-9821-41dc-8b87-d4e77978a58b,,TODO,Not started,,,,Music generated with Suno; lyrics by artist (confirm),,,,,Not uploaded,
brand-safe.mp3,1CZHqd8vIjbN-PlHjRxErRGiDpbQJKJGj,Brand Safe,Brand Safe,,,Y,The Reckoning,The Reckoning,,,Hip-Hop/Rap,Alternative,listen,,6:28,2026-08-02T13:16:58Z,9bdfc206-17a3-4b54-b554-bc35b7e4a110,,TODO,Not started,,,,Music generated with Suno; lyrics by artist (confirm),,,,,Not uploaded,
code-y-red.mp3,1Xr1uNI89ymIFhGhMxJg1AcM-JfAbH1Fs,Code(y) Red!,Code(y) Red!,,,Y,The Reckoning,The Reckoning,,,Hip-Hop/Rap,Alternative,listen,,5:05,2026-07-19T05:33:23Z,0fd5c7c1-2521-4b2b-8287-7372853b3554,,TODO,Not started,,,,Music generated with Suno; lyrics by artist (confirm),,,,,Not uploaded,
creator-search-insight-pocket.mp3,1pEqZv73YqBGDgkvFJtJBfQCuS9YX0_kA,Creator Search Insight Pocket,Creator Search Insight Pocket,,,Y,The Reckoning,The Reckoning,,,Hip-Hop/Rap,Alternative,listen,,4:38,2026-08-05T13:37:01Z,e02ff7c1-ec73-4a76-88b1-0cc810f40fda,,TODO,Not started,,,,Music generated with Suno; lyrics by artist (confirm),,,,,Not uploaded,
cut-the-strings.mp3,1MVPbQG8XDGQkWS_tYTUQX9Wa01ZNP_ei,Cut the Strings,Cut the Strings,,G003,,The Reckoning,The Reckoning,,,Hip-Hop/Rap,Alternative,listen,multiple takes - choose one,3:00,2026-07-18T02:04:57Z,4d3c9fea-11fb-44ee-b01b-da6f1b43aee3,,TODO,Not started,,,,Music generated with Suno; lyrics by artist (confirm),,,,,Not uploaded,
cut-the-strings-remastered.mp3,1y4WlQECEGew3GNTx_SQoVmGI9N_LjS7D,Cut the Strings (Remastered),Cut the Strings,,G003,,The Reckoning,The Reckoning,,,Hip-Hop/Rap,Alternative,listen,'Remastered' not allowed unless prior release; multiple takes - choose one,3:00,2026-07-18T02:08:16Z,634e9ade-0d5d-4368-9b6f-b45ca888e646,,TODO,Not started,,,,Music generated with Suno; lyrics by artist (confirm),,,,,Not uploaded,
enough-is-enough-trolibear-flip.mp3,1NnpXQXpZ3hV2Vimdl9bo-lGKtRWghGXX,Enough Is Enough (Trolibear Flip),Enough Is Enough (Trolibear Flip),,,Y,The Reckoning,The Reckoning,,,Hip-Hop/Rap,Alternative,listen,,7:54,2026-07-30T13:19:03Z,8babc237-7372-4862-b75c-3ba5cca83daa,,TODO,Not started,,,,Music generated with Suno; lyrics by artist (confirm),,,,,Not uploaded,
god-in-the-mask.mp3,1fxFU5OMwrxU1plqjFAv27jYjluxeY-IM,God in the Mask,God in the Mask,,,Y,The Reckoning,The Reckoning,,,Hip-Hop/Rap,Alternative,listen,,4:18,2026-07-06T06:35:29Z,cd4fae42-2ec7-4037-81a8-a0fd8894bac2,,TODO,Not started,,,,Music generated with Suno; lyrics by artist (confirm),,,,,Not uploaded,
god-in-the-mask-banger.mp3,173KKPEAaWfONREwxuofg13SevmtpSEkI,God in the Mask · Banger,God in the Mask · Banger,,,Y,The Reckoning,The Reckoning,,,Hip-Hop/Rap,Alternative,listen,,4:28,2026-07-06T06:36:00Z,d36acabd-d526-4007-972e-df1d792d08c2,,TODO,Not started,,,,Music generated with Suno; lyrics by artist (confirm),,,,,Not uploaded,
keep-the-faith-question-the-building.mp3,1mgy01GjAlSe_tRi5hLfowrckSk7L1GgX,"Keep the Faith, Question the Building","Keep the Faith, Question the Building",,,Y,The Reckoning,The Reckoning,,,Hip-Hop/Rap,Alternative,listen,,5:49,2026-08-02T01:27:45Z,65f3e71c-8032-438e-9eed-eca4d4a1faa7,,TODO,Not started,,,,Music generated with Suno; lyrics by artist (confirm),,,,,Not uploaded,
keeping-the-lyin-at-the-gate-energetic-doorway.mp3,1h-u3Q8OVTBnaEVsHYcTXznc_vBp9TDJi,Keeping the Lyin’ at the Gate (Energetic Doorway),Keeping the Lyin’ at the Gate (Energetic Doorway),,,Y,The Reckoning,The Reckoning,,,Hip-Hop/Rap,Alternative,listen,,7:08,2026-08-08T22:38:21Z,03dacc0f-ee60-438d-b8ef-9713e5cca8d2,,TODO,Not started,,,,Music generated with Suno; lyrics by artist (confirm),,,,,Not uploaded,
keeping-the-lyin-at-the-gate-ancient-door-edition-remastered.mp3,1mc-0s_A--CjLuDlWk9X8poAGoCn6o4js,Keeping the Lyin’ at the Gate Ancient Door Edition (Remastered),Keeping the Lyin’ at the Gate Ancient Door Edition,,,Y,The Reckoning,The Reckoning,,,Hip-Hop/Rap,Alternative,listen,'Remastered' not allowed unless prior release,6:53,2026-08-08T22:41:40Z,3bcddb61-9e7c-430f-aec9-8af8f1cf0e24,,TODO,Not started,,,,Music generated with Suno; lyrics by artist (confirm),,,,,Not uploaded,
low-view-jail-2.mp3,17uR-vOfbw0IvWmfB3acADBhF6emKnazZ,Low View Jail,Low View Jail,,G007,,The Reckoning,The Reckoning,,,Hip-Hop/Rap,Alternative,listen,multiple takes - choose one,4:04,2026-07-30T11:50:28Z,8d16ba10-e147-49b3-be08-a5992672935e,,TODO,Not started,,,,Music generated with Suno; lyrics by artist (confirm),,,,,Not uploaded,
low-view-jail-1-take.mp3,11TOv95ivqtI-6rTZRyNlmXCkbe6Xpnv3,Low View Jail (1 Take),Low View Jail (1 Take),,G007,,The Reckoning,The Reckoning,,,Hip-Hop/Rap,Alternative,listen,multiple takes - choose one,3:14,2026-08-02T13:06:56Z,c8667d54-cb69-45b6-bce8-85e5adf5c9cc,,TODO,Not started,,,,Music generated with Suno; lyrics by artist (confirm),,,,,Not uploaded,
low-view-jail-explicit.mp3,1NNXotRpsOd5BEmAhEbal7-bqiatd5nwk,Low View Jail (Explicit),Low View Jail (Explicit),,G007,,The Reckoning,The Reckoning,,,Hip-Hop/Rap,Alternative,listen,multiple takes - choose one,7:15,2026-08-02T14:53:05Z,88b6ad75-37f6-4509-80a2-a39a1a9e7ea2,,TODO,Not started,,,,Music generated with Suno; lyrics by artist (confirm),,,,,Not uploaded,
low-view-jail.mp3,1QPQDgmMuvQNTRcYdPYj8WsjAA4it5EQe,Low View Jail🎶,Low View Jail,,G007,,The Reckoning,The Reckoning,,,Hip-Hop/Rap,Alternative,listen,emoji-in-title; multiple takes - choose one,4:15,2026-08-02T15:23:32Z,049ab44c-de9a-49d0-aabd-8a5d3958c5a1,,TODO,Not started,,,,Music generated with Suno; lyrics by artist (confirm),,,,,Not uploaded,
mansplaining-means-that-a-man-is-explaining-something-to-you.mp3,1WnMo0x9FEmDORFJlxhknEEyV-VVhw4ll,Mansplaining Means That a Man Is Explaining Something to You,Mansplaining Means That a Man Is Explaining Something to You,,,Y,The Reckoning,The Reckoning,,,Hip-Hop/Rap,Alternative,listen,,4:43,2026-08-02T01:07:28Z,0dae4f50-a691-4a33-b694-d0850a6b9fcc,,TODO,Not started,,,,Music generated with Suno; lyrics by artist (confirm),,,,,Not uploaded,
mask-tax.mp3,1Dw55Cabv-OIozm4zCH_M8Hg823eJ5li6,Mask Tax,Mask Tax,,,Y,The Reckoning,The Reckoning,,,Hip-Hop/Rap,Alternative,listen,,5:55,2026-07-29T12:00:18Z,ad4ccee5-59e2-416a-9564-ffe389329c84,,TODO,Not started,,,,Music generated with Suno; lyrics by artist (confirm),,,,,Not uploaded,
no-strings-attached.mp3,1xI6I_Tp5WzFGm4t1RRELpHmf4W2Ltgky,No Strings Attached,No Strings Attached,,,Y,The Reckoning,The Reckoning,,,Hip-Hop/Rap,Alternative,listen,,2:22,2026-07-18T02:00:02Z,9e8146be-f1e7-4cb3-8498-389cc7124697,,TODO,Not started,,,,Music generated with Suno; lyrics by artist (confirm),,,,,Not uploaded,
oddmelon-s-verdict-insertion-of-assertion.mp3,1gj-5jl7dIhe8G5mAE1vqaBjUMLiecXEA,Oddmelon's Verdict (Insertion of Assertion),Oddmelon's Verdict (Insertion of Assertion),,,Y,The Reckoning,The Reckoning,,,Hip-Hop/Rap,Alternative,listen,,3:52,2026-07-31T13:30:31Z,6be762e8-f0af-44df-bb47-b178b7e09997,,TODO,Not started,,,,Music generated with Suno; lyrics by artist (confirm),,,,,Not uploaded,
pay-to-play-chuckee-cheesin-mix.mp3,13_fnzwIXhSsxbafL03dw-ZmvK4aZK3_0,Pay to Play (Chuckee Cheesin Mix),Pay to Play (Chuckee Cheesin Mix),,,Y,The Reckoning,The Reckoning,,,Hip-Hop/Rap,Alternative,listen,trademark/IP risk - retitle,4:01,2026-07-25T13:15:25Z,82b879e9-8d37-4397-85fa-22319e7c300b,,TODO,Not started,,,,Music generated with Suno; lyrics by artist (confirm),,,,,Not uploaded,
read-em-and-weep.mp3,1IrGBQBAvRBxcvJxTa8yILC8qxjEtiZdX,Read 'Em and Weep,Read 'Em and Weep,,,Y,The Reckoning,The Reckoning,,,Hip-Hop/Rap,Alternative,listen,,4:51,2026-07-07T10:01:07Z,bbac574e-6764-4eb6-ac6d-f5a496354796,,TODO,Not started,,,,Music generated with Suno; lyrics by artist (confirm),,,,,Not uploaded,
skip-king-proven-you-wrong-1.mp3,1jR_G6w9PDSMRmiaXep9DWKAr4OZFEHT5,Skip King (Proven You Wrong) · Version 1,Skip King (Proven You Wrong),,,Y,The Reckoning,The Reckoning,,,Hip-Hop/Rap,Alternative,listen,version-suffix,3:15,2026-07-20T17:14:11Z,cca54e8e-05c2-4fab-bc49-421fe1e1b340,,TODO,Not started,,,,Music generated with Suno; lyrics by artist (confirm),,,,,Not uploaded,
soul-debt-collectors.mp3,1c9vXgEzQxRM7mIQkcFJ1BbeggidVBFOL,Soul Debt Collectors,Soul Debt Collectors,,,Y,The Reckoning,The Reckoning,,,Hip-Hop/Rap,Alternative,listen,,3:38,2026-07-26T11:46:09Z,df6eac85-4266-4d3e-b33d-02904ea5d152,,TODO,Not started,,,,Music generated with Suno; lyrics by artist (confirm),,,,,Not uploaded,
still-trappin-quarters-2.mp3,1Sv_ebCqnPLNT0SFGX6cBup0CBypCmCNx,Still Trappin Quarters · Version 2,Still Trappin Quarters,,,Y,The Reckoning,The Reckoning,,,Hip-Hop/Rap,Alternative,listen,version-suffix,4:21,2026-07-09T21:42:41Z,891ddaba-d38d-4970-b940-6997a1c5034f,,TODO,Not started,,,,Music generated with Suno; lyrics by artist (confirm),,,,,Not uploaded,
the-intended-terminus-jeeps-blocked-the-ledger.mp3,1HcFON6JXu0rg01OH_DO6qhVHUftC7IRo,The Intended Terminus (Jeeps Blocked the Ledger),The Intended Terminus (Jeeps Blocked the Ledger),,,Y,The Reckoning,The Reckoning,,,Hip-Hop/Rap,Alternative,listen,,6:06,2026-07-31T22:29:41Z,da54663c-63cf-44cd-bab3-1000f7c2d451,,TODO,Not started,,,,Music generated with Suno; lyrics by artist (confirm),,,,,Not uploaded,
the-quiet-part-out-loud.mp3,11DxPz0VKIM7Vk7tlaeY1KqD9W--HMC6J,The Quiet Part Out Loud,The Quiet Part Out Loud,,G014,,The Reckoning,The Reckoning,,,Hip-Hop/Rap,Alternative,listen,>8 min; multiple takes - choose one,8:11,2026-07-28T08:58:28Z,ee4ec634-b4f9-482f-9912-3d2820f3f06e,,TODO,Not started,,,,Music generated with Suno; lyrics by artist (confirm),,,,,Not uploaded,
the-quiet-part-out-loud-remastered.mp3,1cLcZFNMVO1QBgKnFDj_DJFoqLOss9A-d,The Quiet Part Out Loud (Remastered),The Quiet Part Out Loud,,G014,,The Reckoning,The Reckoning,,,Hip-Hop/Rap,Alternative,listen,'Remastered' not allowed unless prior release; >8 min; multiple takes - choose one,8:11,2026-07-28T09:26:28Z,2f815bea-0e79-45c9-99f3-ce48688f4971,,TODO,Not started,,,,Music generated with Suno; lyrics by artist (confirm),,,,,Not uploaded,
the-rational-actor.mp3,1KrpDuzqjg8QClxqVYVL7oxyKvc3J0UQ0,The Rational Actor,The Rational Actor,,,Y,The Reckoning,The Reckoning,,,Hip-Hop/Rap,Alternative,listen,,3:54,2026-07-01T01:09:02Z,b6281eda-324b-4145-997d-b1d5802bfffe,,TODO,Not started,,,,Music generated with Suno; lyrics by artist (confirm),,,,,Not uploaded,
the-silencer-hush.mp3,1O9p06nbmJHmIt4SRT4vcdiyiUVfOIDmS,The Silencer (Hush),The Silencer (Hush),,,Y,The Reckoning,The Reckoning,,,Hip-Hop/Rap,Alternative,listen,,4:32,2026-07-06T06:46:04Z,27e3f2ea-a5cc-4ee4-bf6c-432a90fe2c6f,,TODO,Not started,,,,Music generated with Suno; lyrics by artist (confirm),,,,,Not uploaded,
trash-or-gas-i-choose-ass-remastered.mp3,1AWEG55RpnXcZAvt-1PIf7I5VNIicjwLy,Trash or Gas? (I Choose Ass 🍑) (Remastered),Trash or Gas? (I Choose Ass),,,Y,The Reckoning,The Reckoning,,,Hip-Hop/Rap,Alternative,Y?,emoji-in-title; 'Remastered' not allowed unless prior release,4:22,2026-07-20T20:22:31Z,bdbc809e-c55a-42eb-8e48-97bd0ee363e0,,TODO,Not started,,,,Music generated with Suno; lyrics by artist (confirm),,,,,Not uploaded,
twelfth-house-general-unbroken-no-limit-soldier-anthem-2.mp3,16ITHpTRurdEpiYeWR3KHHzcUt0QZ89AR,Twelfth House General (Unbroken No Limit Soldier Anthem) · Version 2,Twelfth House General (Unbroken No Limit Soldier Anthem),,,Y,The Reckoning,The Reckoning,,,Hip-Hop/Rap,Alternative,listen,version-suffix,3:40,2026-08-05T18:34:10Z,0e832e21-9814-44ec-bd5b-86a20329fd9d,,TODO,Not started,,,,Music generated with Suno; lyrics by artist (confirm),,,,,Not uploaded,
warlock-robes-do-not-launder-terms-and-conditions.mp3,1XbopeUW4VZFqE4glsfAiBJYP1pjP_SX1,Warlock Robes Do Not Launder (Terms and Conditions),Warlock Robes Do Not Launder (Terms and Conditions),,,Y,The Reckoning,The Reckoning,,,Hip-Hop/Rap,Alternative,listen,,5:14,2026-07-29T21:54:49Z,618bd53c-a09b-42a4-8871-5c28b3ea74d2,,TODO,Not started,,,,Music generated with Suno; lyrics by artist (confirm),,,,,Not uploaded,
who-signed-for-this.mp3,1ByzDnVj1Yd3dnu-YGs0-9LfwrnIk_dSp,Who Signed for This,Who Signed for This,,,Y,The Reckoning,The Reckoning,,,Hip-Hop/Rap,Alternative,listen,>8 min,9:14,2026-07-29T22:18:14Z,bcb3e27d-b7af-4abc-8658-adaa8a178efc,,TODO,Not started,,,,Music generated with Suno; lyrics by artist (confirm),,,,,Not uploaded,
check-your-d-mail-noble-father-version.mp3,12yAyOkMk-wiQfQnqopjl0kavForRWPC4,Check Your D Mail (Noble Father Version),Check Your D Mail (Noble Father Version),,,Y,The Tender Room,The Tender Room,,,Singer/Songwriter,Pop,listen,,4:47,2026-08-01T00:30:22Z,b0478d6d-d25d-4260-a966-0e545bb933ef,,TODO,Not started,,,,Music generated with Suno; lyrics by artist (confirm),,,,,Not uploaded,
first-of-her-name.mp3,1E0Pr4RvvvY20I5H6dXT8D2J2yw3O5tLI,First of Her Name,First of Her Name,,,Y,The Tender Room,The Tender Room,,,Singer/Songwriter,Pop,listen,,4:50,2026-07-07T11:35:50Z,6c67f84d-1da1-44a8-8be7-cc35987eaece,,TODO,Not started,,,,Music generated with Suno; lyrics by artist (confirm),,,,,Not uploaded,
further-than-you-know.mp3,1QP91RA76h_RFx9TAbiTno83jMxF16hh_,Further Than You Know,Further Than You Know,,,Y,The Tender Room,The Tender Room,,,Singer/Songwriter,Pop,listen,,3:26,2026-07-25T00:31:39Z,7d812196-c153-4409-a8ee-ff04ceddd6fd,,TODO,Not started,,,,Music generated with Suno; lyrics by artist (confirm),,,,,Not uploaded,
gospel-of-the-gutter-remastered.mp3,1ESPWCdU3zIa5TZEB6sJk5P0qDC_Bc60k,Gospel of the Gutter (Remastered),Gospel of the Gutter,,,Y,The Tender Room,The Tender Room,,,Singer/Songwriter,Pop,listen,'Remastered' not allowed unless prior release; >8 min,9:28,2026-07-28T07:52:09Z,aad60c44-6560-43db-9b86-6138a989377a,,TODO,Not started,,,,Music generated with Suno; lyrics by artist (confirm),,,,,Not uploaded,
held-healer-v1.mp3,1ZauF2aAEz8J2X3LyHOZUgXPTjs8tngQG,Held Healer · Version 1,Held Healer,,,Y,The Tender Room,The Tender Room,,,Singer/Songwriter,Pop,listen,version-suffix,5:05,2026-07-02T05:01:34Z,f22c4685-0ba2-4999-a967-eaaece5d332b,,TODO,Not started,,,,Music generated with Suno; lyrics by artist (confirm),,,,,Not uploaded,
let-me-sing-for-you-full.mp3,1KzLCjVQWpUdSdGaYhrpHqB9hd6fGFLal,Let Me Sing for You · Full,Let Me Sing for You · Full,,,Y,The Tender Room,The Tender Room,,,Singer/Songwriter,Pop,listen,,6:48,2026-07-22T10:41:58Z,a04dc706-3770-4be7-9fd7-d41bca7a29bf,,TODO,Not started,,,,Music generated with Suno; lyrics by artist (confirm),,,,,Not uploaded,
metal-yoga-mom-serenade-2.mp3,1JmK4Gf9M5q_TNB_JcD3EDvBd7Nt387c2,Metal Yoga Mom (Serenade) · Version 2,Metal Yoga Mom (Serenade),,,Y,The Tender Room,The Tender Room,,,Singer/Songwriter,Pop,listen,version-suffix,4:08,2026-07-11T21:04:04Z,062d30bf-6e3f-4c4d-b88f-da7d0db222c8,,TODO,Not started,,,,Music generated with Suno; lyrics by artist (confirm),,,,,Not uploaded,
never-doubt-your-visions.mp3,1UrRAqWG87r7-jf5yNkkWhRXfUaCVxdRB,Never Doubt Your Visions,Never Doubt Your Visions,,,Y,The Tender Room,The Tender Room,,,Singer/Songwriter,Pop,listen,,4:43,2026-07-02T17:59:08Z,2670ac57-f268-4e46-bfaa-2ad94beb433a,,TODO,Not started,,,,Music generated with Suno; lyrics by artist (confirm),,,,,Not uploaded,
noble-father-creations.mp3,1hZyM2PkeozJbptucfVAf4dPKAn-yu_m2,Noble Father Creations,Noble Father Creations,,G008,,The Tender Room,The Tender Room,,,Singer/Songwriter,Pop,listen,multiple takes - choose one,4:33,2026-07-01T06:22:44Z,f8040f63-776f-4497-90e6-946cd1798ccf,,TODO,Not started,,,,Music generated with Suno; lyrics by artist (confirm),,,,,Not uploaded,
noble-father-creations-remastered.mp3,17cRLEs_3WafyObFz_B5LiK5PVLLut-rq,Noble Father Creations (Remastered),Noble Father Creations,,G008,,The Tender Room,The Tender Room,,,Singer/Songwriter,Pop,listen,'Remastered' not allowed unless prior release; multiple takes - choose one,4:10,2026-07-01T06:02:07Z,5a0198c5-97f5-4c7e-859c-449a96ca5192,,TODO,Not started,,,,Music generated with Suno; lyrics by artist (confirm),,,,,Not uploaded,
noble-hearted.mp3,1Je4_PU0BhLP13wDELnmpjS3g5-SwBgkT,Noble Hearted,Noble Hearted,,,Y,The Tender Room,The Tender Room,,,Singer/Songwriter,Pop,listen,,3:18,2026-07-22T06:58:07Z,e477b37e-6183-4679-a661-c6f2150e550e,,TODO,Not started,,,,Music generated with Suno; lyrics by artist (confirm),,,,,Not uploaded,
noble-prophecy-created-remastered.mp3,1uQk8vGwDfT-PsL09YuA2qc86Wr26tLDL,Noble Prophecy Created (Remastered),Noble Prophecy Created,,,Y,The Tender Room,The Tender Room,,,Singer/Songwriter,Pop,listen,'Remastered' not allowed unless prior release,5:06,2026-07-15T15:59:13Z,259744ba-41c0-4706-801a-9f86180095a0,,TODO,Not started,,,,Music generated with Suno; lyrics by artist (confirm),,,,,Not uploaded,
one-of-one-remastered.mp3,1V-WNnguvKsIgF3-sAcKq5tUDAZnkeLJK,One of One (Remastered),One of One,,,Y,The Tender Room,The Tender Room,,,Singer/Songwriter,Pop,listen,'Remastered' not allowed unless prior release; >8 min,8:42,2026-08-06T21:20:58Z,c6931f9f-e1de-464a-ac65-a2d8584bddd4,,TODO,Not started,,,,Music generated with Suno; lyrics by artist (confirm),,,,,Not uploaded,
pro-actor-song.mp3,1WHUZ9ykWNdzhFIODzFkKQ-roqNOV8C1_,Pro Actor Song,Pro Actor Song,,,Y,The Tender Room,The Tender Room,,,Singer/Songwriter,Pop,listen,,3:43,2026-07-01T05:51:53Z,ac27a53a-7c5f-4e42-a1f1-572070b24a3a,,TODO,Not started,,,,Music generated with Suno; lyrics by artist (confirm),,,,,Not uploaded,
the-fourth-position.mp3,1lmvDeUgmMzF-3Mup6IWJT8RGKIjO6ptK,The Fourth Position,The Fourth Position,,,Y,(unshelved - added 2026-09-17),,,,,,listen,,,,,,TODO,Not started,,,,,,,,,Not uploaded,Not in the Listening Room manifest yet
